plan_id,insurer,plan_name,plan_tier,hospital_cover,semi_private_room,private_room,day_case,outpatient_cover,gp_visits,maternity_cover,maternity_waiting_months,mental_health,cardiac_cover,cancer_cover,overseas_emergency,overseas_planned,excess_required,excess_amount_text,regulatory_notes,source_url,last_verified,null_key_count,completeness_score
ILH_BENEFIT_TOC,Irish Life Health,BeneFit,MID,HI_TECH,True,True,True,True,True,True,12.0,True,True,,True,,True,,Populate details from public plan PDF/plan page.,https://www.irishlifehealth.ie/IrishLifeHealth/media/Irish-life-Health/pdfs/tables-of-cover/BeneFit-TOC.pdf,2026-01-19,0,1.0
ILH_FIRST_COVER_TOC,Irish Life Health,First Cover,BASIC,PUBLIC,True,True,True,True,True,True,12.0,True,,,True,,True,,Populate details from public plan PDF/plan page.,https://www.irishlifehealth.ie/IrishLifeHealth/media/Irish-life-Health/pdfs/tables-of-cover/First-Cover-TOC.pdf,2026-01-19,0,1.0
ILH_SELECT_STARTER_TOC,Irish Life Health,Select Starter,BASIC,PUBLIC,True,True,True,True,True,True,12.0,True,,,True,,True,,Populate details from public plan PDF/plan page.,https://www.irishlifehealth.ie/IrishLifeHealth/media/Irish-life-Health/pdfs/tables-of-cover/Select-Starter-TOC.pdf,2026-01-19,0,1.0
ILH_OPTIMISE_GOLD_TOC,Irish Life Health,Optimise Gold,HIGH,HI_TECH,True,True,True,True,True,True,12.0,True,True,,True,True,True,,Populate details from public plan PDF/plan page.,https://www.irishlifehealth.ie/IrishLifeHealth/media/Irish-life-Health/pdfs/tables-of-cover/Optimise-Gold-TOC.pdf,2026-01-19,0,1.0
ILH_HEALTH_PLAN_01_TOC,Irish Life Health,Health Plan 01,MID,HI_TECH,,,,,,,,,,,,,,,Populate details from public plan PDF/plan page.,https://www.irishlifehealth.ie/mediafiles/pdfs/tables-of-cover/Health-Plan-01-TOC.pdf,2026-01-19,8,0.2
ILH_STUB_01,Irish Life Health,BeneFit 1 Plan,,,,,,,,,,,,,,,,,Populate details from public plan PDF/plan page.,https://www.irishlifehealth.ie/IrishLifeHealth/media/Irish-life-Health/pdfs/tables-of-cover/BeneFit-1-TOC.pdf,2026-01-19,10,0.0
ILH_STUB_02,Irish Life Health,BeneFit 2 Plan,,,,,,,,,,,,,,,,,Populate details from public plan PDF/plan page.,https://www.irishlifehealth.ie/IrishLifeHealth/media/Irish-life-Health/pdfs/tables-of-cover/BeneFit-2-TOC.pdf,2026-01-19,10,0.0
ILH_STUB_03,Irish Life Health,BeneFit Access 300,,,,,,,,,,,,,,,,,Populate details from public plan PDF/plan page.,https://www.irishlifehealth.ie/mediafiles/pdfs/tables-of-cover/BeneFit-Access-300.pdf,2026-01-19,10,0.0
ILH_STUB_04,Irish Life Health,BeneFit Access 500,,,,,,,,,,,,,,,,,Populate details from public plan PDF/plan page.,https://www.irishlifehealth.ie/IrishLifeHealth/media/Irish-life-Health/pdfs/tables-of-cover/BeneFit-Access-500.pdf,2026-01-19,10,0.0
ILH_STUB_05,Irish Life Health,BeneFit Extra,,,,,,,,,,,,,,,,,Populate details from public plan PDF/plan page.,https://www.irishlifehealth.ie/mediafiles/pdfs/tables-of-cover/BeneFit-Extra-TOC.pdf,2026-01-19,10,0.0
ILH_STUB_06,Irish Life Health,Family Value,,,,,,,,,,,,,,,,,Populate details from public plan PDF/plan page.,https://www.irishlifehealth.ie/IrishLifeHealth/media/Irish-life-Health/pdfs/tables-of-cover/Family-Value-Plan-TOC.pdf,2026-01-19,10,0.0
ILH_STUB_07,Irish Life Health,Health Starter,,,,,,,,,,,,,,,,,Populate details from public plan PDF/plan page.,https://www.irishlifehealth.ie/mediafiles/pdfs/tables-of-cover/Health-Starter-TOC.pdf,2026-01-19,10,0.0
ILH_STUB_08,Irish Life Health,Health Value,,,,,,,,,,,,,,,,,Populate details from public plan PDF/plan page.,https://www.irishlifehealth.ie/mediafiles/pdfs/tables-of-cover/Health-Value-Plan-TOC.pdf,2026-01-19,10,0.0
ILH_STUB_09,Irish Life Health,MyPlan 150,,,,,,,,,,,,,,,,,Populate details from public plan PDF/plan page.,https://www.irishlifehealth.ie/mediafiles/pdfs/tables-of-cover/MyPlan-150-TOC.pdf,2026-01-19,10,0.0
ILH_STUB_10,Irish Life Health,MyPlan 350,,,,,,,,,,,,,,,,,Populate details from public plan PDF/plan page.,https://www.irishlifehealth.ie/IrishLifeHealth/media/Irish-life-Health/pdfs/tables-of-cover/MyPlan-350-TOC.pdf,2026-01-19,10,0.0
ILH_STUB_11,Irish Life Health,MyPlan 500,,,,,,,,,,,,,,,,,Populate details from public plan PDF/plan page.,https://www.irishlifehealth.ie/IrishLifeHealth/media/Irish-life-Health/pdfs/tables-of-cover/MyPlan-500-TOC.pdf,2026-01-19,10,0.0
ILH_STUB_12,Irish Life Health,Hospital Focus,,,,,,,,,,,,,,,,,Populate details from public plan PDF/plan page.,https://www.irishlifehealth.ie/IrishLifeHealth/media/Irish-life-Health/pdfs/tables-of-cover/Hospital-Focus-TOC.pdf,2026-01-19,10,0.0
ILH_STUB_13,Irish Life Health,HealthGuide 2,,,,,,,,,,,,,,,,,Populate details from public plan PDF/plan page.,https://www.irishlifehealth.ie/IrishLifeHealth/media/Irish-life-Health/pdfs/tables-of-cover/HealthGuide-2-TOC.pdf,2026-01-19,10,0.0
ILH_STUB_14,Irish Life Health,HealthGuide 3,,,,,,,,,,,,,,,,,Populate details from public plan PDF/plan page.,https://www.irishlifehealth.ie/IrishLifeHealth/media/Irish-life-Health/pdfs/tables-of-cover/HealthGuide-3-TOC.pdf,2026-01-19,10,0.0
LAYA_SIMPLICITY,Laya Healthcare,Simplicity,MID,PRIVATE,,,,,,,,,,,,,,,Populate details from public plan PDF/plan page.,https://www.layahealthcare.ie/productsandservices/plan/scheme/simplicity,2026-01-19,8,0.2
LAYA_INSPIRE,Laya Healthcare,Inspire,MID,PRIVATE,,,,,,,,,,,,,,,Populate details from public plan PDF/plan page.,https://www.layahealthcare.ie/productsandservices/plan/scheme/inspire,2026-01-19,8,0.2
LAYA_PROSPER,Laya Healthcare,Prosper,MID,PRIVATE,,,,,,,,,,,,,,,Populate details from public plan PDF/plan page.,https://www.layahealthcare.ie/productsandservices/plan/scheme/prosper,2026-01-19,8,0.2
LAYA_PROSPER_ADVANCED,Laya Healthcare,Prosper Advanced,HIGH,PRIVATE,,,,,,,,,,,,,,,Populate details from public plan PDF/plan page.,https://www.layahealthcare.ie/productsandservices/plan/scheme/prosper-advanced,2026-01-19,8,0.2
LAYA_INSPIRE_HIA_PDF,Laya Healthcare,Inspire (HIA benefit table PDF),MID,,,,,,,,,,,,,,,,Populate details from public plan PDF/plan page.,https://www.hia.ie/sites/default/files/Inspire.pdf,2026-01-19,9,0.1
LAYA_STUB_01,Laya Healthcare,Advantage 125 Choice,,,,,,,,,,,,,,,,,Populate details from public plan PDF/plan page.,https://www.layahealthcare.ie/productsandservices/plan/,2026-01-19,10,0.0
LAYA_STUB_02,Laya Healthcare,Advantage 250 Choice,,,,,,,,,,,,,,,,,Populate details from public plan PDF/plan page.,https://www.layahealthcare.ie/productsandservices/plan/,2026-01-19,10,0.0
LAYA_STUB_03,Laya Healthcare,Advantage 500 Plus,,,,,,,,,,,,,,,,,Populate details from public plan PDF/plan page.,https://www.layahealthcare.ie/productsandservices/plan/,2026-01-19,10,0.0
LAYA_STUB_04,Laya Healthcare,Flex 125 Choice,,,,,,,,,,,,,,,,,Populate details from public plan PDF/plan page.,https://www.layahealthcare.ie/productsandservices/plan/,2026-01-19,10,0.0
LAYA_STUB_05,Laya Healthcare,Flex 250 Explore,,,,,,,,,,,,,,,,,Populate details from public plan PDF/plan page.,https://www.layahealthcare.ie/productsandservices/plan/,2026-01-19,10,0.0
LAYA_STUB_06,Laya Healthcare,Flex 500 Plus,,,,,,,,,,,,,,,,,Populate details from public plan PDF/plan page.,https://www.layahealthcare.ie/productsandservices/plan/,2026-01-19,10,0.0
LAYA_STUB_07,Laya Healthcare,Essential Starter,,,,,,,,,,,,,,,,,Populate details from public plan PDF/plan page.,https://www.layahealthcare.ie/productsandservices/plan/,2026-01-19,10,0.0
LAYA_STUB_08,Laya Healthcare,Essential Plus (No Excess),,,,,,,,,,,,,,,,,Populate details from public plan PDF/plan page.,https://www.layahealthcare.ie/productsandservices/plan/,2026-01-19,10,0.0
LAYA_STUB_09,Laya Healthcare,Essential Gold,,,,,,,,,,,,,,,,,Populate details from public plan PDF/plan page.,https://www.layahealthcare.ie/productsandservices/plan/,2026-01-19,10,0.0
LAYA_STUB_10,Laya Healthcare,SimplyHealth Starter,,,,,,,,,,,,,,,,,Populate details from public plan PDF/plan page.,https://www.layahealthcare.ie/productsandservices/plan/,2026-01-19,10,0.0
LAYA_STUB_11,Laya Healthcare,Total Health (No Excess),,,,,,,,,,,,,,,,,Populate details from public plan PDF/plan page.,https://www.layahealthcare.ie/productsandservices/plan/,2026-01-19,10,0.0
LEVEL_1,Level Health,Level 1,BASIC,PUBLIC,,,,,,,,,,,,,,,Populate details from public plan PDF/plan page.,https://levelhealth.ie/api/download?path=o%2Fassets%252Fbf5aeb09845647e5a8182770c0ca0fdc%252Fca6b180cf2e64cbf8a7391af0f9ff292%3Falt%3Dmedia%26token%3D511356af-30e0-42f5-a2a7-585a41dc82ce,2026-01-19,8,0.2
LEVEL_2,Level Health,Level 2,MID,PUBLIC,,,,,,,,,,,,,,,Populate details from public plan PDF/plan page.,https://levelhealth.ie/api/download?path=o%2Fassets%252Fbf5aeb09845647e5a8182770c0ca0fdc%252Fca6b180cf2e64cbf8a7391af0f9ff292%3Falt%3Dmedia%26token%3D511356af-30e0-42f5-a2a7-585a41dc82ce,2026-01-19,8,0.2
LEVEL_3,Level Health,Level 3,MID,PRIVATE,,,,,,,,,,,,,,,Populate details from public plan PDF/plan page.,https://levelhealth.ie/api/download?path=o%2Fassets%252Fbf5aeb09845647e5a8182770c0ca0fdc%252Fca6b180cf2e64cbf8a7391af0f9ff292%3Falt%3Dmedia%26token%3D511356af-30e0-42f5-a2a7-585a41dc82ce,2026-01-19,8,0.2
LEVEL_4,Level Health,Level 4,HIGH,PRIVATE,,,,,,,,,,,,,,,Populate details from public plan PDF/plan page.,https://levelhealth.ie/api/download?path=o%2Fassets%252Fbf5aeb09845647e5a8182770c0ca0fdc%252Fca6b180cf2e64cbf8a7391af0f9ff292%3Falt%3Dmedia%26token%3D511356af-30e0-42f5-a2a7-585a41dc82ce,2026-01-19,8,0.2
LEVEL_OVERSEAS_PDF,Level Health,Overseas cover section (policy PDF),,,,,,,,,,,,,,,,,Populate details from public plan PDF/plan page.,https://levelhealth.ie/api/download?path=o%2Fassets%252Fbf5aeb09845647e5a8182770c0ca0fdc%252F704e171ef036455b86ca159219483759%3Falt%3Dmedia%26token%3D7d6c7223-3820-4da1-9f6e-dae97a48ab3e,2026-01-19,10,0.0
VHI_PMI_2612,VHI Healthcare,PMI 26 12 (Table of Benefits),,,,,,,,,,,,,,,,,Populate details from public plan PDF/plan page.,https://vhi.ie/downloads/table-of-benefits/LIFCPM26,2026-01-19,10,0.0
VHI_PMI_3613,VHI Healthcare,PMI 36 13 (Table of Benefits),,,,,,,,,,,,,,,,,Populate details from public plan PDF/plan page.,https://www.vhi.ie/pdf/myvhi/TOBPMI%203613%20V6%20Aug16.pdf,2026-01-19,10,0.0
VHI_PLAN_B,VHI Healthcare,Plan B (Table of Benefits),,,,,,,,,,,,,,,,,Populate details from public plan PDF/plan page.,https://www.vhi.ie/downloads/table-of-benefits/LIFFPXT,2026-01-19,10,0.0
VHI_COMPANY_PLAN_PLUS_L1,VHI Healthcare,Company Plan Plus Level 1 (Table of Benefits),,,,,,,,,,,,,,,,,Populate details from public plan PDF/plan page.,https://www.vhi.ie/downloads/table-of-benefits/LIFCPP,2026-01-19,10,0.0
VHI_DOWNLOADS,VHI Healthcare,Downloads index (benefit tables & docs),,,,,,,,,,,,,,,,,Populate details from public plan PDF/plan page.,https://www.vhi.ie/downloads,2026-01-19,10,0.0
VHI_PMI_05_11,VHI Healthcare,PMI 05 11,,,,,,,,,,,,,,,,,Populate details from public plan PDF/plan page.,https://www.vhi.ie/downloads/table-of-benefits/LIFCPM05,2026-01-19,10,0.0
VHI_PMI_17_10,VHI Healthcare,PMI 17 10,,,,,,,,,,,,,,,,,Populate details from public plan PDF/plan page.,https://www.vhi.ie/downloads/table-of-benefits/LIFPMI1710,2026-01-19,10,0.0
VHI_PMI_21_11,VHI Healthcare,PMI 21 11,,,,,,,,,,,,,,,,,Populate details from public plan PDF/plan page.,https://vhi.ie/downloads/table-of-benefits/LIFCPM21,2026-01-19,10,0.0
VHI_PMI_24_10,VHI Healthcare,PMI 24 10,,,,,,,,,,,,,,,,,Populate details from public plan PDF/plan page.,https://www.vhi.ie/downloads/table-of-benefits/LIFPMI2410,2026-01-19,10,0.0
VHI_PMI_39_14,VHI Healthcare,PMI 39 14,,,,,,,,,,,,,,,,,Populate details from public plan PDF/plan page.,https://www.vhi.ie/downloads/table-of-benefits/LIFPMI3914,2026-01-19,10,0.0
VHI_PMI_50_10,VHI Healthcare,PMI 50 10,,,,,,,,,,,,,,,,,Populate details from public plan PDF/plan page.,https://www.vhi.ie/downloads/table-of-benefits/LIFPMI5010,2026-01-19,10,0.0
VHI_PMI_53_10,VHI Healthcare,PMI 53 10,,,,,,,,,,,,,,,,,Populate details from public plan PDF/plan page.,https://www.vhi.ie/downloads/table-of-benefits/LIFPMI5310,2026-01-19,10,0.0
VHI_PMI_59_10,VHI Healthcare,PMI 59 10,,,,,,,,,,,,,,,,,Populate details from public plan PDF/plan page.,https://www.vhi.ie/downloads/table-of-benefits/LIFPMI5910,2026-01-19,10,0.0
LAYA_ADVANTAGE_125_CHOICE,Laya Healthcare,Advantage 125 Choice,,,,,,,,,,,,,,,,,Stub variant added for coverage; enrich from plan-specific public PDF/page when available.,https://www.layahealthcare.ie/productsandservices/plan/,2026-02-01,10,0.0
LAYA_ADVANTAGE_125_EXPLORE,Laya Healthcare,Advantage 125 Explore,,,,,,,,,,,,,,,,,Stub variant added for coverage; enrich from plan-specific public PDF/page when available.,https://www.layahealthcare.ie/productsandservices/plan/,2026-02-01,10,0.0
LAYA_ADVANTAGE_125_PLUS,Laya Healthcare,Advantage 125 Plus,,,,,,,,,,,,,,,,,Stub variant added for coverage; enrich from plan-specific public PDF/page when available.,https://www.layahealthcare.ie/productsandservices/plan/,2026-02-01,10,0.0
LAYA_ADVANTAGE_175_EXPLORE,Laya Healthcare,Advantage 175 Explore,,,,,,,,,,,,,,,,,Stub variant added for coverage; enrich from plan-specific public PDF/page when available.,https://www.layahealthcare.ie/productsandservices/plan/,2026-02-01,10,0.0
LAYA_ADVANTAGE_250_CHOICE,Laya Healthcare,Advantage 250 Choice,,,,,,,,,,,,,,,,,Stub variant added for coverage; enrich from plan-specific public PDF/page when available.,https://www.layahealthcare.ie/productsandservices/plan/,2026-02-01,10,0.0
LAYA_ADVANTAGE_250_EXPLORE,Laya Healthcare,Advantage 250 Explore,,,,,,,,,,,,,,,,,Stub variant added for coverage; enrich from plan-specific public PDF/page when available.,https://www.layahealthcare.ie/productsandservices/plan/,2026-02-01,10,0.0
LAYA_ADVANTAGE_250_PLUS,Laya Healthcare,Advantage 250 Plus,,,,,,,,,,,,,,,,,Stub variant added for coverage; enrich from plan-specific public PDF/page when available.,https://www.layahealthcare.ie/productsandservices/plan/,2026-02-01,10,0.0
LAYA_ADVANTAGE_500_CHOICE,Laya Healthcare,Advantage 500 Choice,,,,,,,,,,,,,,,,,Stub variant added for coverage; enrich from plan-specific public PDF/page when available.,https://www.layahealthcare.ie/productsandservices/plan/,2026-02-01,10,0.0
LAYA_ADVANTAGE_500_EXPLORE,Laya Healthcare,Advantage 500 Explore,,,,,,,,,,,,,,,,,Stub variant added for coverage; enrich from plan-specific public PDF/page when available.,https://www.layahealthcare.ie/productsandservices/plan/,2026-02-01,10,0.0
LAYA_ADVANTAGE_500_PLUS,Laya Healthcare,Advantage 500 Plus,,,,,,,,,,,,,,,,,Stub variant added for coverage; enrich from plan-specific public PDF/page when available.,https://www.layahealthcare.ie/productsandservices/plan/,2026-02-01,10,0.0
LAYA_ASSURE_HEALTH,Laya Healthcare,Assure Health,,,,,,,,,,,,,,,,,Stub variant added for coverage; enrich from plan-specific public PDF/page when available.,https://www.layahealthcare.ie/productsandservices/plan/,2026-02-01,10,0.0
LAYA_ASSURE_IDEAL,Laya Healthcare,Assure Ideal,,,,,,,,,,,,,,,,,Stub variant added for coverage; enrich from plan-specific public PDF/page when available.,https://www.layahealthcare.ie/productsandservices/plan/,2026-02-01,10,0.0
LAYA_ASSURE_VITALITY,Laya Healthcare,Assure Vitality,,,,,,,,,,,,,,,,,Stub variant added for coverage; enrich from plan-specific public PDF/page when available.,https://www.layahealthcare.ie/productsandservices/plan/,2026-02-01,10,0.0
LAYA_CARE_MANAGER_SUITE,Laya Healthcare,Care Manager suite,,,,,,,,,,,,,,,,,Stub variant added for coverage; enrich from plan-specific public PDF/page when available.,https://www.layahealthcare.ie/productsandservices/plan/,2026-02-01,10,0.0
LAYA_COMPLETECARE,Laya Healthcare,CompleteCare,,,,,,,,,,,,,,,,,Stub variant added for coverage; enrich from plan-specific public PDF/page when available.,https://www.layahealthcare.ie/productsandservices/plan/,2026-02-01,10,0.0
LAYA_HEALTH_SMART_FAMILY,Laya Healthcare,Health Smart Family,,,,,,,,,,,,,,,,,Stub variant added for coverage; enrich from plan-specific public PDF/page when available.,https://www.layahealthcare.ie/productsandservices/plan/,2026-02-01,10,0.0
LAYA_COMPANY_CARE_SUITE,Laya Healthcare,Company Care suite,,,,,,,,,,,,,,,,,Stub variant added for coverage; enrich from plan-specific public PDF/page when available.,https://www.layahealthcare.ie/productsandservices/plan/,2026-02-01,10,0.0
LAYA_COMPANYCARE_EXCESS,Laya Healthcare,CompanyCare (Excess),,,,,,,,,,,,,,,,,Stub variant added for coverage; enrich from plan-specific public PDF/page when available.,https://www.layahealthcare.ie/productsandservices/plan/,2026-02-01,10,0.0
LAYA_COMPANYCARE_CHOICE,Laya Healthcare,CompanyCare Choice,,,,,,,,,,,,,,,,,Stub variant added for coverage; enrich from plan-specific public PDF/page when available.,https://www.layahealthcare.ie/productsandservices/plan/,2026-02-01,10,0.0
LAYA_COMPANYCARE_GOLD,Laya Healthcare,CompanyCare Gold,,,,,,,,,,,,,,,,,Stub variant added for coverage; enrich from plan-specific public PDF/page when available.,https://www.layahealthcare.ie/productsandservices/plan/,2026-02-01,10,0.0
LAYA_COMPANYCARE_PLUS,Laya Healthcare,CompanyCare Plus,,,,,,,,,,,,,,,,,Stub variant added for coverage; enrich from plan-specific public PDF/page when available.,https://www.layahealthcare.ie/productsandservices/plan/,2026-02-01,10,0.0
LAYA_COMPANYCARE_PREMIUM_EXCESS,Laya Healthcare,CompanyCare Premium (Excess),,,,,,,,,,,,,,,,,Stub variant added for coverage; enrich from plan-specific public PDF/page when available.,https://www.layahealthcare.ie/productsandservices/plan/,2026-02-01,10,0.0
LAYA_COMPANYCARE_STARTER,Laya Healthcare,CompanyCare Starter,,,,,,,,,,,,,,,,,Stub variant added for coverage; enrich from plan-specific public PDF/page when available.,https://www.layahealthcare.ie/productsandservices/plan/,2026-02-01,10,0.0
LAYA_COMPANYHEALTH_SUITE,Laya Healthcare,CompanyHealth suite,,,,,,,,,,,,,,,,,Stub variant added for coverage; enrich from plan-specific public PDF/page when available.,https://www.layahealthcare.ie/productsandservices/plan/,2026-02-01,10,0.0
LAYA_COMPANYHEALTH,Laya Healthcare,CompanyHealth,,,,,,,,,,,,,,,,,Stub variant added for coverage; enrich from plan-specific public PDF/page when available.,https://www.layahealthcare.ie/productsandservices/plan/,2026-02-01,10,0.0
LAYA_COMPANYHEALTH_PLUS_EXCESS,Laya Healthcare,CompanyHealth Plus (Excess),,,,,,,,,,,,,,,,,Stub variant added for coverage; enrich from plan-specific public PDF/page when available.,https://www.layahealthcare.ie/productsandservices/plan/,2026-02-01,10,0.0
LAYA_CONNECT_CARE_SUITE,Laya Healthcare,Connect Care suite,,,,,,,,,,,,,,,,,Stub variant added for coverage; enrich from plan-specific public PDF/page when available.,https://www.layahealthcare.ie/productsandservices/plan/,2026-02-01,10,0.0
LAYA_CONNECT_CARE_100,Laya Healthcare,Connect Care 100,,,,,,,,,,,,,,,,,Stub variant added for coverage; enrich from plan-specific public PDF/page when available.,https://www.layahealthcare.ie/productsandservices/plan/,2026-02-01,10,0.0
LAYA_CONNECT_CARE_150,Laya Healthcare,Connect Care 150,,,,,,,,,,,,,,,,,Stub variant added for coverage; enrich from plan-specific public PDF/page when available.,https://www.layahealthcare.ie/productsandservices/plan/,2026-02-01,10,0.0
LAYA_CONNECT_CARE_500,Laya Healthcare,Connect Care 500,,,,,,,,,,,,,,,,,Stub variant added for coverage; enrich from plan-specific public PDF/page when available.,https://www.layahealthcare.ie/productsandservices/plan/,2026-02-01,10,0.0
LAYA_CONNECT_CHOICE_500,Laya Healthcare,Connect Choice 500,,,,,,,,,,,,,,,,,Stub variant added for coverage; enrich from plan-specific public PDF/page when available.,https://www.layahealthcare.ie/productsandservices/plan/,2026-02-01,10,0.0
LAYA_CONNECTCARE,Laya Healthcare,ConnectCare,,,,,,,,,,,,,,,,,Stub variant added for coverage; enrich from plan-specific public PDF/page when available.,https://www.layahealthcare.ie/productsandservices/plan/,2026-02-01,10,0.0
LAYA_CONNECTCHOICE,Laya Healthcare,ConnectChoice,,,,,,,,,,,,,,,,,Stub variant added for coverage; enrich from plan-specific public PDF/page when available.,https://www.layahealthcare.ie/productsandservices/plan/,2026-02-01,10,0.0
LAYA_CONTROL_SUITE,Laya Healthcare,Control suite,,,,,,,,,,,,,,,,,Stub variant added for coverage; enrich from plan-specific public PDF/page when available.,https://www.layahealthcare.ie/productsandservices/plan/,2026-02-01,10,0.0
LAYA_CONTROL_150_CONNECT,Laya Healthcare,Control 150 Connect,,,,,,,,,,,,,,,,,Stub variant added for coverage; enrich from plan-specific public PDF/page when available.,https://www.layahealthcare.ie/productsandservices/plan/,2026-02-01,10,0.0
LAYA_CONTROL_150_CREATE,Laya Healthcare,Control 150 Create,,,,,,,,,,,,,,,,,Stub variant added for coverage; enrich from plan-specific public PDF/page when available.,https://www.layahealthcare.ie/productsandservices/plan/,2026-02-01,10,0.0
LAYA_CONTROL_150_SECURE,Laya Healthcare,Control 150 Secure,,,,,,,,,,,,,,,,,Stub variant added for coverage; enrich from plan-specific public PDF/page when available.,https://www.layahealthcare.ie/productsandservices/plan/,2026-02-01,10,0.0
LAYA_CONTROL_150_TOTAL,Laya Healthcare,Control 150 Total,,,,,,,,,,,,,,,,,Stub variant added for coverage; enrich from plan-specific public PDF/page when available.,https://www.layahealthcare.ie/productsandservices/plan/,2026-02-01,10,0.0
LAYA_CONTROL_300_CONNECT,Laya Healthcare,Control 300 Connect,,,,,,,,,,,,,,,,,Stub variant added for coverage; enrich from plan-specific public PDF/page when available.,https://www.layahealthcare.ie/productsandservices/plan/,2026-02-01,10,0.0
LAYA_CONTROL_300_CREATE,Laya Healthcare,Control 300 Create,,,,,,,,,,,,,,,,,Stub variant added for coverage; enrich from plan-specific public PDF/page when available.,https://www.layahealthcare.ie/productsandservices/plan/,2026-02-01,10,0.0
LAYA_CONTROL_300_SECURE,Laya Healthcare,Control 300 Secure,,,,,,,,,,,,,,,,,Stub variant added for coverage; enrich from plan-specific public PDF/page when available.,https://www.layahealthcare.ie/productsandservices/plan/,2026-02-01,10,0.0
LAYA_CONTROL_300_TOTAL,Laya Healthcare,Control 300 Total,,,,,,,,,,,,,,,,,Stub variant added for coverage; enrich from plan-specific public PDF/page when available.,https://www.layahealthcare.ie/productsandservices/plan/,2026-02-01,10,0.0
LAYA_CONTROL_450_CONNECT,Laya Healthcare,Control 450 Connect,,,,,,,,,,,,,,,,,Stub variant added for coverage; enrich from plan-specific public PDF/page when available.,https://www.layahealthcare.ie/productsandservices/plan/,2026-02-01,10,0.0
LAYA_CONTROL_SUITE_CONT,Laya Healthcare,Control suite (cont.),,,,,,,,,,,,,,,,,Stub variant added for coverage; enrich from plan-specific public PDF/page when available.,https://www.layahealthcare.ie/productsandservices/plan/,2026-02-01,10,0.0
LAYA_CONTROL_450_CREATE,Laya Healthcare,Control 450 Create,,,,,,,,,,,,,,,,,Stub variant added for coverage; enrich from plan-specific public PDF/page when available.,https://www.layahealthcare.ie/productsandservices/plan/,2026-02-01,10,0.0
LAYA_CONTROL_450_SECURE,Laya Healthcare,Control 450 Secure,,,,,,,,,,,,,,,,,Stub variant added for coverage; enrich from plan-specific public PDF/page when available.,https://www.layahealthcare.ie/productsandservices/plan/,2026-02-01,10,0.0
LAYA_CONTROL_450_TOTAL,Laya Healthcare,Control 450 Total,,,,,,,,,,,,,,,,,Stub variant added for coverage; enrich from plan-specific public PDF/page when available.,https://www.layahealthcare.ie/productsandservices/plan/,2026-02-01,10,0.0
LAYA_CONTROL_600_CONNECT,Laya Healthcare,Control 600 Connect,,,,,,,,,,,,,,,,,Stub variant added for coverage; enrich from plan-specific public PDF/page when available.,https://www.layahealthcare.ie/productsandservices/plan/,2026-02-01,10,0.0
LAYA_CONTROL_600_CREATE,Laya Healthcare,Control 600 Create,,,,,,,,,,,,,,,,,Stub variant added for coverage; enrich from plan-specific public PDF/page when available.,https://www.layahealthcare.ie/productsandservices/plan/,2026-02-01,10,0.0
LAYA_CONTROL_600_SECURE,Laya Healthcare,Control 600 Secure,,,,,,,,,,,,,,,,,Stub variant added for coverage; enrich from plan-specific public PDF/page when available.,https://www.layahealthcare.ie/productsandservices/plan/,2026-02-01,10,0.0
LAYA_CONTROL_600_TOTAL,Laya Healthcare,Control 600 Total,,,,,,,,,,,,,,,,,Stub variant added for coverage; enrich from plan-specific public PDF/page when available.,https://www.layahealthcare.ie/productsandservices/plan/,2026-02-01,10,0.0
LAYA_EMPOWER_150_CONNECT,Laya Healthcare,Empower 150 Connect,,,,,,,,,,,,,,,,,Stub variant added for coverage; enrich from plan-specific public PDF/page when available.,https://www.layahealthcare.ie/productsandservices/plan/,2026-02-01,10,0.0
LAYA_EMPOWER_150_CREATE,Laya Healthcare,Empower 150 Create,,,,,,,,,,,,,,,,,Stub variant added for coverage; enrich from plan-specific public PDF/page when available.,https://www.layahealthcare.ie/productsandservices/plan/,2026-02-01,10,0.0
LAYA_EMPOWER_150_SECURE,Laya Healthcare,Empower 150 Secure,,,,,,,,,,,,,,,,,Stub variant added for coverage; enrich from plan-specific public PDF/page when available.,https://www.layahealthcare.ie/productsandservices/plan/,2026-02-01,10,0.0
LAYA_EMPOWER_CONNECT_NO_EXCESS,Laya Healthcare,Empower Connect (No Excess),,,,,,,,,,,,,,,,,Stub variant added for coverage; enrich from plan-specific public PDF/page when available.,https://www.layahealthcare.ie/productsandservices/plan/,2026-02-01,10,0.0
LAYA_EMPOWER_CREATE_NO_EXCESS,Laya Healthcare,Empower Create (No Excess),,,,,,,,,,,,,,,,,Stub variant added for coverage; enrich from plan-specific public PDF/page when available.,https://www.layahealthcare.ie/productsandservices/plan/,2026-02-01,10,0.0
LAYA_EMPOWER_SECURE_NO_EXCESS,Laya Healthcare,Empower Secure (No Excess),,,,,,,,,,,,,,,,,Stub variant added for coverage; enrich from plan-specific public PDF/page when available.,https://www.layahealthcare.ie/productsandservices/plan/,2026-02-01,10,0.0
LAYA_ESSENTIAL,Laya Healthcare,Essential,,,,,,,,,,,,,,,,,Stub variant added for coverage; enrich from plan-specific public PDF/page when available.,https://www.layahealthcare.ie/productsandservices/plan/,2026-02-01,10,0.0
LAYA_ESSENTIAL_ASSIST,Laya Healthcare,Essential Assist,,,,,,,,,,,,,,,,,Stub variant added for coverage; enrich from plan-specific public PDF/page when available.,https://www.layahealthcare.ie/productsandservices/plan/,2026-02-01,10,0.0
LAYA_ESSENTIAL_COMPLETE,Laya Healthcare,Essential Complete,,,,,,,,,,,,,,,,,Stub variant added for coverage; enrich from plan-specific public PDF/page when available.,https://www.layahealthcare.ie/productsandservices/plan/,2026-02-01,10,0.0
LAYA_ESSENTIAL_CONNECT,Laya Healthcare,Essential Connect,,,,,,,,,,,,,,,,,Stub variant added for coverage; enrich from plan-specific public PDF/page when available.,https://www.layahealthcare.ie/productsandservices/plan/,2026-02-01,10,0.0
LAYA_ESSENTIAL_CONNECT_FAMILY,Laya Healthcare,Essential Connect Family,,,,,,,,,,,,,,,,,Stub variant added for coverage; enrich from plan-specific public PDF/page when available.,https://www.layahealthcare.ie/productsandservices/plan/,2026-02-01,10,0.0
LAYA_ESSENTIAL_CONNECT_HEALTH,Laya Healthcare,Essential Connect Health,,,,,,,,,,,,,,,,,Stub variant added for coverage; enrich from plan-specific public PDF/page when available.,https://www.layahealthcare.ie/productsandservices/plan/,2026-02-01,10,0.0
LAYA_ESSENTIAL_CONNECT_SAVER,Laya Healthcare,Essential Connect Saver,,,,,,,,,,,,,,,,,Stub variant added for coverage; enrich from plan-specific public PDF/page when available.,https://www.layahealthcare.ie/productsandservices/plan/,2026-02-01,10,0.0
LAYA_ESSENTIAL_FIRST,Laya Healthcare,Essential First,,,,,,,,,,,,,,,,,Stub variant added for coverage; enrich from plan-specific public PDF/page when available.,https://www.layahealthcare.ie/productsandservices/plan/,2026-02-01,10,0.0
LAYA_ESSENTIAL_GOLD,Laya Healthcare,Essential Gold,,,,,,,,,,,,,,,,,Stub variant added for coverage; enrich from plan-specific public PDF/page when available.,https://www.layahealthcare.ie/productsandservices/plan/,2026-02-01,10,0.0
LAYA_ESSENTIAL_PLUS_EXCESS,Laya Healthcare,Essential Plus (Excess),,,,,,,,,,,,,,,,,Stub variant added for coverage; enrich from plan-specific public PDF/page when available.,https://www.layahealthcare.ie/productsandservices/plan/,2026-02-01,10,0.0
LAYA_ESSENTIAL_PLUS_NO_EXCESS,Laya Healthcare,Essential Plus (No Excess),,,,,,,,,,,,,,,,,Stub variant added for coverage; enrich from plan-specific public PDF/page when available.,https://www.layahealthcare.ie/productsandservices/plan/,2026-02-01,10,0.0
LAYA_ESSENTIAL_PLUS_STARTER,Laya Healthcare,Essential Plus Starter,,,,,,,,,,,,,,,,,Stub variant added for coverage; enrich from plan-specific public PDF/page when available.,https://www.layahealthcare.ie/productsandservices/plan/,2026-02-01,10,0.0
LAYA_ESSENTIAL_SECURE,Laya Healthcare,Essential Secure,,,,,,,,,,,,,,,,,Stub variant added for coverage; enrich from plan-specific public PDF/page when available.,https://www.layahealthcare.ie/productsandservices/plan/,2026-02-01,10,0.0
LAYA_ESSENTIAL_SELECT,Laya Healthcare,Essential Select,,,,,,,,,,,,,,,,,Stub variant added for coverage; enrich from plan-specific public PDF/page when available.,https://www.layahealthcare.ie/productsandservices/plan/,2026-02-01,10,0.0
LAYA_ESSENTIAL_STARTER,Laya Healthcare,Essential Starter,,,,,,,,,,,,,,,,,Stub variant added for coverage; enrich from plan-specific public PDF/page when available.,https://www.layahealthcare.ie/productsandservices/plan/,2026-02-01,10,0.0
LAYA_HEALTH_SMART,Laya Healthcare,Health Smart,,,,,,,,,,,,,,,,,Stub variant added for coverage; enrich from plan-specific public PDF/page when available.,https://www.layahealthcare.ie/productsandservices/plan/,2026-02-01,10,0.0
LAYA_FLEX_125_CHOICE,Laya Healthcare,Flex 125 Choice,,,,,,,,,,,,,,,,,Stub variant added for coverage; enrich from plan-specific public PDF/page when available.,https://www.layahealthcare.ie/productsandservices/plan/,2026-02-01,10,0.0
LAYA_FLEX_125_EXPLORE,Laya Healthcare,Flex 125 Explore,,,,,,,,,,,,,,,,,Stub variant added for coverage; enrich from plan-specific public PDF/page when available.,https://www.layahealthcare.ie/productsandservices/plan/,2026-02-01,10,0.0
LAYA_FLEX_125_PLUS,Laya Healthcare,Flex 125 Plus,,,,,,,,,,,,,,,,,Stub variant added for coverage; enrich from plan-specific public PDF/page when available.,https://www.layahealthcare.ie/productsandservices/plan/,2026-02-01,10,0.0
LAYA_FLEX_175_EXPLORE,Laya Healthcare,Flex 175 Explore,,,,,,,,,,,,,,,,,Stub variant added for coverage; enrich from plan-specific public PDF/page when available.,https://www.layahealthcare.ie/productsandservices/plan/,2026-02-01,10,0.0
LAYA_FLEX_250_CHOICE,Laya Healthcare,Flex 250 Choice,,,,,,,,,,,,,,,,,Stub variant added for coverage; enrich from plan-specific public PDF/page when available.,https://www.layahealthcare.ie/productsandservices/plan/,2026-02-01,10,0.0
LAYA_FLEX_250_EXPLORE,Laya Healthcare,Flex 250 Explore,,,,,,,,,,,,,,,,,Stub variant added for coverage; enrich from plan-specific public PDF/page when available.,https://www.layahealthcare.ie/productsandservices/plan/,2026-02-01,10,0.0
LAYA_FLEX_250_PLUS,Laya Healthcare,Flex 250 Plus,,,,,,,,,,,,,,,,,Stub variant added for coverage; enrich from plan-specific public PDF/page when available.,https://www.layahealthcare.ie/productsandservices/plan/,2026-02-01,10,0.0
LAYA_FLEX_500_CHOICE,Laya Healthcare,Flex 500 Choice,,,,,,,,,,,,,,,,,Stub variant added for coverage; enrich from plan-specific public PDF/page when available.,https://www.layahealthcare.ie/productsandservices/plan/,2026-02-01,10,0.0
LAYA_FLEX_500_EXPLORE,Laya Healthcare,Flex 500 Explore,,,,,,,,,,,,,,,,,Stub variant added for coverage; enrich from plan-specific public PDF/page when available.,https://www.layahealthcare.ie/productsandservices/plan/,2026-02-01,10,0.0
LAYA_FLEX_500_PLUS,Laya Healthcare,Flex 500 Plus,,,,,,,,,,,,,,,,,Stub variant added for coverage; enrich from plan-specific public PDF/page when available.,https://www.layahealthcare.ie/productsandservices/plan/,2026-02-01,10,0.0
LAYA_FUTURE_PROTECT_SUITE,Laya Healthcare,Future Protect suite,,,,,,,,,,,,,,,,,Stub variant added for coverage; enrich from plan-specific public PDF/page when available.,https://www.layahealthcare.ie/productsandservices/plan/,2026-02-01,10,0.0
LAYA_FUTURE_PROTECT,Laya Healthcare,Future Protect,,,,,,,,,,,,,,,,,Stub variant added for coverage; enrich from plan-specific public PDF/page when available.,https://www.layahealthcare.ie/productsandservices/plan/,2026-02-01,10,0.0
LAYA_FUTURE_PROTECT_CHOICE,Laya Healthcare,Future Protect Choice,,,,,,,,,,,,,,,,,Stub variant added for coverage; enrich from plan-specific public PDF/page when available.,https://www.layahealthcare.ie/productsandservices/plan/,2026-02-01,10,0.0
LAYA_FUTURE_PROTECT_PLUS,Laya Healthcare,Future Protect Plus,,,,,,,,,,,,,,,,,Stub variant added for coverage; enrich from plan-specific public PDF/page when available.,https://www.layahealthcare.ie/productsandservices/plan/,2026-02-01,10,0.0
LAYA_HEALTHMANAGER,Laya Healthcare,HealthManager,,,,,,,,,,,,,,,,,Stub variant added for coverage; enrich from plan-specific public PDF/page when available.,https://www.layahealthcare.ie/productsandservices/plan/,2026-02-01,10,0.0
LAYA_HEALTHMANAGER_SUITE_CONT,Laya Healthcare,HealthManager suite (cont.),,,,,,,,,,,,,,,,,Stub variant added for coverage; enrich from plan-specific public PDF/page when available.,https://www.layahealthcare.ie/productsandservices/plan/,2026-02-01,10,0.0
LAYA_HEALTHMANAGER_FIRST,Laya Healthcare,HealthManager First,,,,,,,,,,,,,,,,,Stub variant added for coverage; enrich from plan-specific public PDF/page when available.,https://www.layahealthcare.ie/productsandservices/plan/,2026-02-01,10,0.0
LAYA_HEALTHMANAGER_GOLD,Laya Healthcare,HealthManager Gold,,,,,,,,,,,,,,,,,Stub variant added for coverage; enrich from plan-specific public PDF/page when available.,https://www.layahealthcare.ie/productsandservices/plan/,2026-02-01,10,0.0
LAYA_HEALTHMANAGER_SILVER,Laya Healthcare,HealthManager Silver,,,,,,,,,,,,,,,,,Stub variant added for coverage; enrich from plan-specific public PDF/page when available.,https://www.layahealthcare.ie/productsandservices/plan/,2026-02-01,10,0.0
LAYA_HEALTHMANAGER_STARTER,Laya Healthcare,HealthManager Starter,,,,,,,,,,,,,,,,,Stub variant added for coverage; enrich from plan-specific public PDF/page when available.,https://www.layahealthcare.ie/productsandservices/plan/,2026-02-01,10,0.0
LAYA_HEALTH_SENSE_SUITE,Laya Healthcare,Health Sense suite,,,,,,,,,,,,,,,,,Stub variant added for coverage; enrich from plan-specific public PDF/page when available.,https://www.layahealthcare.ie/productsandservices/plan/,2026-02-01,10,0.0
LAYA_HEALTH_SENSE_EXCESS,Laya Healthcare,Health Sense (Excess),,,,,,,,,,,,,,,,,Stub variant added for coverage; enrich from plan-specific public PDF/page when available.,https://www.layahealthcare.ie/productsandservices/plan/,2026-02-01,10,0.0
LAYA_HEALTH_SENSE_COMPLETE,Laya Healthcare,Health Sense Complete,,,,,,,,,,,,,,,,,Stub variant added for coverage; enrich from plan-specific public PDF/page when available.,https://www.layahealthcare.ie/productsandservices/plan/,2026-02-01,10,0.0
LAYA_HEALTH_SENSE_CONNECT,Laya Healthcare,Health Sense Connect,,,,,,,,,,,,,,,,,Stub variant added for coverage; enrich from plan-specific public PDF/page when available.,https://www.layahealthcare.ie/productsandservices/plan/,2026-02-01,10,0.0
LAYA_PRECISION_SUITE,Laya Healthcare,Precision suite,,,,,,,,,,,,,,,,,Stub variant added for coverage; enrich from plan-specific public PDF/page when available.,https://www.layahealthcare.ie/productsandservices/plan/,2026-02-01,10,0.0
LAYA_PRECISION_150_CONNECT,Laya Healthcare,Precision 150 Connect,,,,,,,,,,,,,,,,,Stub variant added for coverage; enrich from plan-specific public PDF/page when available.,https://www.layahealthcare.ie/productsandservices/plan/,2026-02-01,10,0.0
LAYA_PRECISION_150_CREATE,Laya Healthcare,Precision 150 Create,,,,,,,,,,,,,,,,,Stub variant added for coverage; enrich from plan-specific public PDF/page when available.,https://www.layahealthcare.ie/productsandservices/plan/,2026-02-01,10,0.0
LAYA_PRECISION_150_TOTAL,Laya Healthcare,Precision 150 Total,,,,,,,,,,,,,,,,,Stub variant added for coverage; enrich from plan-specific public PDF/page when available.,https://www.layahealthcare.ie/productsandservices/plan/,2026-02-01,10,0.0
LAYA_PRECISION_300_CONNECT,Laya Healthcare,Precision 300 Connect,,,,,,,,,,,,,,,,,Stub variant added for coverage; enrich from plan-specific public PDF/page when available.,https://www.layahealthcare.ie/productsandservices/plan/,2026-02-01,10,0.0
LAYA_PRECISION_300_CREATE,Laya Healthcare,Precision 300 Create,,,,,,,,,,,,,,,,,Stub variant added for coverage; enrich from plan-specific public PDF/page when available.,https://www.layahealthcare.ie/productsandservices/plan/,2026-02-01,10,0.0
LAYA_PRECISION_300_TOTAL,Laya Healthcare,Precision 300 Total,,,,,,,,,,,,,,,,,Stub variant added for coverage; enrich from plan-specific public PDF/page when available.,https://www.layahealthcare.ie/productsandservices/plan/,2026-02-01,10,0.0
LAYA_PRECISION_450_CONNECT,Laya Healthcare,Precision 450 Connect,,,,,,,,,,,,,,,,,Stub variant added for coverage; enrich from plan-specific public PDF/page when available.,https://www.layahealthcare.ie/productsandservices/plan/,2026-02-01,10,0.0
LAYA_PRECISION_450_CREATE,Laya Healthcare,Precision 450 Create,,,,,,,,,,,,,,,,,Stub variant added for coverage; enrich from plan-specific public PDF/page when available.,https://www.layahealthcare.ie/productsandservices/plan/,2026-02-01,10,0.0
LAYA_PRECISION_450_TOTAL,Laya Healthcare,Precision 450 Total,,,,,,,,,,,,,,,,,Stub variant added for coverage; enrich from plan-specific public PDF/page when available.,https://www.layahealthcare.ie/productsandservices/plan/,2026-02-01,10,0.0
LAYA_PRECISION_600_CONNECT,Laya Healthcare,Precision 600 Connect,,,,,,,,,,,,,,,,,Stub variant added for coverage; enrich from plan-specific public PDF/page when available.,https://www.layahealthcare.ie/productsandservices/plan/,2026-02-01,10,0.0
LAYA_PRECISION_600_CREATE,Laya Healthcare,Precision 600 Create,,,,,,,,,,,,,,,,,Stub variant added for coverage; enrich from plan-specific public PDF/page when available.,https://www.layahealthcare.ie/productsandservices/plan/,2026-02-01,10,0.0
LAYA_PRECISION_600_TOTAL,Laya Healthcare,Precision 600 Total,,,,,,,,,,,,,,,,,Stub variant added for coverage; enrich from plan-specific public PDF/page when available.,https://www.layahealthcare.ie/productsandservices/plan/,2026-02-01,10,0.0
LAYA_SIMPLY_CONNECT_SUITE,Laya Healthcare,Simply Connect suite,,,,,,,,,,,,,,,,,Stub variant added for coverage; enrich from plan-specific public PDF/page when available.,https://www.layahealthcare.ie/productsandservices/plan/,2026-02-01,10,0.0
LAYA_SIMPLY_CONNECT,Laya Healthcare,Simply Connect,,,,,,,,,,,,,,,,,Stub variant added for coverage; enrich from plan-specific public PDF/page when available.,https://www.layahealthcare.ie/productsandservices/plan/,2026-02-01,10,0.0
LAYA_SIMPLY_CONNECT_PLUS,Laya Healthcare,Simply Connect Plus,,,,,,,,,,,,,,,,,Stub variant added for coverage; enrich from plan-specific public PDF/page when available.,https://www.layahealthcare.ie/productsandservices/plan/,2026-02-01,10,0.0
LAYA_SIMPLYHEALTH_CHOICE,Laya Healthcare,SimplyHealth Choice,,,,,,,,,,,,,,,,,Stub variant added for coverage; enrich from plan-specific public PDF/page when available.,https://www.layahealthcare.ie/productsandservices/plan/,2026-02-01,10,0.0
LAYA_SIMPLYHEALTH_PLUS,Laya Healthcare,SimplyHealth Plus,,,,,,,,,,,,,,,,,Stub variant added for coverage; enrich from plan-specific public PDF/page when available.,https://www.layahealthcare.ie/productsandservices/plan/,2026-02-01,10,0.0
LAYA_SIMPLYHEALTH_EXCESS,Laya Healthcare,SimplyHealth (Excess),,,,,,,,,,,,,,,,,Stub variant added for coverage; enrich from plan-specific public PDF/page when available.,https://www.layahealthcare.ie/productsandservices/plan/,2026-02-01,10,0.0
LAYA_SIMPLYHEALTH_CONNECT,Laya Healthcare,SimplyHealth Connect,,,,,,,,,,,,,,,,,Stub variant added for coverage; enrich from plan-specific public PDF/page when available.,https://www.layahealthcare.ie/productsandservices/plan/,2026-02-01,10,0.0
LAYA_SIMPLYHEALTH_STARTER,Laya Healthcare,SimplyHealth Starter,,,,,,,,,,,,,,,,,Stub variant added for coverage; enrich from plan-specific public PDF/page when available.,https://www.layahealthcare.ie/productsandservices/plan/,2026-02-01,10,0.0
LAYA_TOTAL_HEALTH_SUITE,Laya Healthcare,Total Health suite,,,,,,,,,,,,,,,,,Stub variant added for coverage; enrich from plan-specific public PDF/page when available.,https://www.layahealthcare.ie/productsandservices/plan/,2026-02-01,10,0.0
LAYA_TOTAL_HEALTH_NO_EXCESS,Laya Healthcare,Total Health (No Excess),,,,,,,,,,,,,,,,,Stub variant added for coverage; enrich from plan-specific public PDF/page when available.,https://www.layahealthcare.ie/productsandservices/plan/,2026-02-01,10,0.0
LAYA_TOTAL_HEALTH_CHOICE,Laya Healthcare,Total Health Choice,,,,,,,,,,,,,,,,,Stub variant added for coverage; enrich from plan-specific public PDF/page when available.,https://www.layahealthcare.ie/productsandservices/plan/,2026-02-01,10,0.0
LAYA_TOTAL_HEALTH_COMPLETE,Laya Healthcare,Total Health Complete,,,,,,,,,,,,,,,,,Stub variant added for coverage; enrich from plan-specific public PDF/page when available.,https://www.layahealthcare.ie/productsandservices/plan/,2026-02-01,10,0.0
LAYA_TOTAL_HEALTH_COMPLETE_175,Laya Healthcare,Total Health Complete 175,,,,,,,,,,,,,,,,,Stub variant added for coverage; enrich from plan-specific public PDF/page when available.,https://www.layahealthcare.ie/productsandservices/plan/,2026-02-01,10,0.0
LAYA_TOTAL_HEALTH_PLUS,Laya Healthcare,Total Health Plus,,,,,,,,,,,,,,,,,Stub variant added for coverage; enrich from plan-specific public PDF/page when available.,https://www.layahealthcare.ie/productsandservices/plan/,2026-02-01,10,0.0
LAYA_TOTAL_HEALTH_SELECT,Laya Healthcare,Total Health Select,,,,,,,,,,,,,,,,,Stub variant added for coverage; enrich from plan-specific public PDF/page when available.,https://www.layahealthcare.ie/productsandservices/plan/,2026-02-01,10,0.0
LAYA_ESSENTIAL_VALUE_500,Laya Healthcare,Essential Value 500,,,,,,,,,,,,,,,,,Stub variant added for coverage; enrich from plan-specific public PDF/page when available.,https://www.layahealthcare.ie/productsandservices/plan/,2026-02-01,10,0.0
VHI_ONE_PLAN,VHI Healthcare,One Plan,,,,,,,,,,,,,,,,,Stub variant added for coverage; enrich from plan-specific public PDF/page when available.,https://www1.vhi.ie/downloads,2026-02-01,10,0.0
VHI_ONE_PLAN,VHI Healthcare,One+ Plan,,,,,,,,,,,,,,,,,Stub variant added for coverage; enrich from plan-specific public PDF/page when available.,https://www1.vhi.ie/downloads,2026-02-01,10,0.0
VHI_ONE_PLAN_FAMILY,VHI Healthcare,One Plan Family,,,,,,,,,,,,,,,,,Stub variant added for coverage; enrich from plan-specific public PDF/page when available.,https://www1.vhi.ie/downloads,2026-02-01,10,0.0
VHI_COMPANY_PLAN,VHI Healthcare,Company Plan,,,,,,,,,,,,,,,,,Stub variant added for coverage; enrich from plan-specific public PDF/page when available.,https://www1.vhi.ie/downloads,2026-02-01,10,0.0
VHI_COMPANY_PLAN_PLUS_LEVEL_1,VHI Healthcare,Company Plan Plus Level 1,,,,,,,,,,,,,,,,,Stub variant added for coverage; enrich from plan-specific public PDF/page when available.,https://www1.vhi.ie/downloads,2026-02-01,10,0.0
VHI_PMI_36_13,VHI Healthcare,PMI 36 13,,,,,,,,,,,,,,,,,Stub variant added for coverage; enrich from plan-specific public PDF/page when available.,https://www1.vhi.ie/downloads,2026-02-01,10,0.0
VHI_COMPANY_PLAN_EXECUTIVE,VHI Healthcare,Company Plan Executive,,,,,,,,,,,,,,,,,Stub variant added for coverage; enrich from plan-specific public PDF/page when available.,https://www1.vhi.ie/downloads,2026-02-01,10,0.0
VHI_COMPANY_PLAN_EXTRA_LEVEL_1,VHI Healthcare,Company Plan Extra Level 1,,,,,,,,,,,,,,,,,Stub variant added for coverage; enrich from plan-specific public PDF/page when available.,https://www1.vhi.ie/downloads,2026-02-01,10,0.0
VHI_COMPANY_PLAN_EXTRA_LEVEL_2,VHI Healthcare,Company Plan Extra Level 2,,,,,,,,,,,,,,,,,Stub variant added for coverage; enrich from plan-specific public PDF/page when available.,https://www1.vhi.ie/downloads,2026-02-01,10,0.0
VHI_COMPANY_PLAN_EXTRA_LEVEL_2_EXCESS,VHI Healthcare,Company Plan Extra Level 2(Excess),,,,,,,,,,,,,,,,,Stub variant added for coverage; enrich from plan-specific public PDF/page when available.,https://www1.vhi.ie/downloads,2026-02-01,10,0.0
VHI_COMPANY_PLAN_PLUS_LEVEL_1_3,VHI Healthcare,Company Plan Plus Level 1.3,,,,,,,,,,,,,,,,,Stub variant added for coverage; enrich from plan-specific public PDF/page when available.,https://www1.vhi.ie/downloads,2026-02-01,10,0.0
VHI_NURSES_PLAN_SELECT,VHI Healthcare,Nurses' Plan Select,,,,,,,,,,,,,,,,,Stub variant added for coverage; enrich from plan-specific public PDF/page when available.,https://www1.vhi.ie/downloads,2026-02-01,10,0.0
VHI_PMI_01_10,VHI Healthcare,PMI 01 10,,,,,,,,,,,,,,,,,Stub variant added for coverage; enrich from plan-specific public PDF/page when available.,https://www1.vhi.ie/downloads,2026-02-01,10,0.0
VHI_PMI_04_10,VHI Healthcare,PMI 04 10,,,,,,,,,,,,,,,,,Stub variant added for coverage; enrich from plan-specific public PDF/page when available.,https://www1.vhi.ie/downloads,2026-02-01,10,0.0
VHI_PMI_06_10,VHI Healthcare,PMI 06 10,,,,,,,,,,,,,,,,,Stub variant added for coverage; enrich from plan-specific public PDF/page when available.,https://www1.vhi.ie/downloads,2026-02-01,10,0.0
VHI_PMI_07_10,VHI Healthcare,PMI 07 10,,,,,,,,,,,,,,,,,Stub variant added for coverage; enrich from plan-specific public PDF/page when available.,https://www1.vhi.ie/downloads,2026-02-01,10,0.0
VHI_PMI_14_10,VHI Healthcare,PMI 14 10,,,,,,,,,,,,,,,,,Stub variant added for coverage; enrich from plan-specific public PDF/page when available.,https://www1.vhi.ie/downloads,2026-02-01,10,0.0
VHI_PMI_08_11,VHI Healthcare,PMI 08 11,,,,,,,,,,,,,,,,,Stub variant added for coverage; enrich from plan-specific public PDF/page when available.,https://www1.vhi.ie/downloads,2026-02-01,10,0.0
VHI_PMI_10_11,VHI Healthcare,PMI 10 11,,,,,,,,,,,,,,,,,Stub variant added for coverage; enrich from plan-specific public PDF/page when available.,https://www1.vhi.ie/downloads,2026-02-01,10,0.0
VHI_PMI_12_11,VHI Healthcare,PMI 12 11,,,,,,,,,,,,,,,,,Stub variant added for coverage; enrich from plan-specific public PDF/page when available.,https://www1.vhi.ie/downloads,2026-02-01,10,0.0
VHI_PMI_18_11,VHI Healthcare,PMI 18 11,,,,,,,,,,,,,,,,,Stub variant added for coverage; enrich from plan-specific public PDF/page when available.,https://www1.vhi.ie/downloads,2026-02-01,10,0.0
VHI_PMI_19_11,VHI Healthcare,PMI 19 11,,,,,,,,,,,,,,,,,Stub variant added for coverage; enrich from plan-specific public PDF/page when available.,https://www1.vhi.ie/downloads,2026-02-01,10,0.0
VHI_PMI_25_11,VHI Healthcare,PMI 25 11,,,,,,,,,,,,,,,,,Stub variant added for coverage; enrich from plan-specific public PDF/page when available.,https://www1.vhi.ie/downloads,2026-02-01,10,0.0
VHI_PMI_26_12,VHI Healthcare,PMI 26 12,,,,,,,,,,,,,,,,,Stub variant added for coverage; enrich from plan-specific public PDF/page when available.,https://www1.vhi.ie/downloads,2026-02-01,10,0.0
VHI_PMI_29_12,VHI Healthcare,PMI 29 12,,,,,,,,,,,,,,,,,Stub variant added for coverage; enrich from plan-specific public PDF/page when available.,https://www1.vhi.ie/downloads,2026-02-01,10,0.0
VHI_PMI_31_12,VHI Healthcare,PMI 31 12,,,,,,,,,,,,,,,,,Stub variant added for coverage; enrich from plan-specific public PDF/page when available.,https://www1.vhi.ie/downloads,2026-02-01,10,0.0
VHI_PMI_32_12,VHI Healthcare,PMI 32 12,,,,,,,,,,,,,,,,,Stub variant added for coverage; enrich from plan-specific public PDF/page when available.,https://www1.vhi.ie/downloads,2026-02-01,10,0.0
VHI_PMI_35_13,VHI Healthcare,PMI 35 13,,,,,,,,,,,,,,,,,Stub variant added for coverage; enrich from plan-specific public PDF/page when available.,https://www1.vhi.ie/downloads,2026-02-01,10,0.0
VHI_PMI_38_14,VHI Healthcare,PMI 38 14,,,,,,,,,,,,,,,,,Stub variant added for coverage; enrich from plan-specific public PDF/page when available.,https://www1.vhi.ie/downloads,2026-02-01,10,0.0
VHI_PMI_40_15,VHI Healthcare,PMI 40 15,,,,,,,,,,,,,,,,,Stub variant added for coverage; enrich from plan-specific public PDF/page when available.,https://www1.vhi.ie/downloads,2026-02-01,10,0.0
VHI_PMI_41_15,VHI Healthcare,PMI 41 15,,,,,,,,,,,,,,,,,Stub variant added for coverage; enrich from plan-specific public PDF/page when available.,https://www1.vhi.ie/downloads,2026-02-01,10,0.0
VHI_TEACHERS_PLAN_SELECT,VHI Healthcare,Teachers' Plan Select,,,,,,,,,,,,,,,,,Stub variant added for coverage; enrich from plan-specific public PDF/page when available.,https://www1.vhi.ie/downloads,2026-02-01,10,0.0
VHI_PMI_43_16,VHI Healthcare,PMI 43 16,,,,,,,,,,,,,,,,,Stub variant added for coverage; enrich from plan-specific public PDF/page when available.,https://www1.vhi.ie/downloads,2026-02-01,10,0.0
VHI_PMI_44_16,VHI Healthcare,PMI 44 16,,,,,,,,,,,,,,,,,Stub variant added for coverage; enrich from plan-specific public PDF/page when available.,https://www1.vhi.ie/downloads,2026-02-01,10,0.0
VHI_PMI_45_10,VHI Healthcare,PMI 45 10,,,,,,,,,,,,,,,,,Stub variant added for coverage; enrich from plan-specific public PDF/page when available.,https://www1.vhi.ie/downloads,2026-02-01,10,0.0
VHI_PMI_46_10,VHI Healthcare,PMI 46 10,,,,,,,,,,,,,,,,,Stub variant added for coverage; enrich from plan-specific public PDF/page when available.,https://www1.vhi.ie/downloads,2026-02-01,10,0.0
VHI_PMI_47_10,VHI Healthcare,PMI 47 10,,,,,,,,,,,,,,,,,Stub variant added for coverage; enrich from plan-specific public PDF/page when available.,https://www1.vhi.ie/downloads,2026-02-01,10,0.0
VHI_PMI_48_10,VHI Healthcare,PMI 48 10,,,,,,,,,,,,,,,,,Stub variant added for coverage; enrich from plan-specific public PDF/page when available.,https://www1.vhi.ie/downloads,2026-02-01,10,0.0
VHI_PMI_49_10,VHI Healthcare,PMI 49 10,,,,,,,,,,,,,,,,,Stub variant added for coverage; enrich from plan-specific public PDF/page when available.,https://www1.vhi.ie/downloads,2026-02-01,10,0.0
VHI_PMI_51_10,VHI Healthcare,PMI 51 10,,,,,,,,,,,,,,,,,Stub variant added for coverage; enrich from plan-specific public PDF/page when available.,https://www1.vhi.ie/downloads,2026-02-01,10,0.0
VHI_PMI_52_10,VHI Healthcare,PMI 52 10,,,,,,,,,,,,,,,,,Stub variant added for coverage; enrich from plan-specific public PDF/page when available.,https://www1.vhi.ie/downloads,2026-02-01,10,0.0
VHI_PMI_54_10,VHI Healthcare,PMI 54 10,,,,,,,,,,,,,,,,,Stub variant added for coverage; enrich from plan-specific public PDF/page when available.,https://www1.vhi.ie/downloads,2026-02-01,10,0.0
VHI_PMI_55_10,VHI Healthcare,PMI 55 10,,,,,,,,,,,,,,,,,Stub variant added for coverage; enrich from plan-specific public PDF/page when available.,https://www1.vhi.ie/downloads,2026-02-01,10,0.0
VHI_PMI_56_10,VHI Healthcare,PMI 56 10,,,,,,,,,,,,,,,,,Stub variant added for coverage; enrich from plan-specific public PDF/page when available.,https://www1.vhi.ie/downloads,2026-02-01,10,0.0
VHI_PMI_60_10,VHI Healthcare,PMI 60 10,,,,,,,,,,,,,,,,,Stub variant added for coverage; enrich from plan-specific public PDF/page when available.,https://www1.vhi.ie/downloads,2026-02-01,10,0.0
VHI_PMI_61_10,VHI Healthcare,PMI 61 10,,,,,,,,,,,,,,,,,Stub variant added for coverage; enrich from plan-specific public PDF/page when available.,https://www1.vhi.ie/downloads,2026-02-01,10,0.0
VHI_PMI_63_10,VHI Healthcare,PMI 63 10,,,,,,,,,,,,,,,,,Stub variant added for coverage; enrich from plan-specific public PDF/page when available.,https://www1.vhi.ie/downloads,2026-02-01,10,0.0
VHI_PMI_64_10,VHI Healthcare,PMI 64 10,,,,,,,,,,,,,,,,,Stub variant added for coverage; enrich from plan-specific public PDF/page when available.,https://www1.vhi.ie/downloads,2026-02-01,10,0.0
VHI_PMI_65_10,VHI Healthcare,PMI 65 10,,,,,,,,,,,,,,,,,Stub variant added for coverage; enrich from plan-specific public PDF/page when available.,https://www1.vhi.ie/downloads,2026-02-01,10,0.0
VHI_PMI_66_10,VHI Healthcare,PMI 66 10,,,,,,,,,,,,,,,,,Stub variant added for coverage; enrich from plan-specific public PDF/page when available.,https://www1.vhi.ie/downloads,2026-02-01,10,0.0
VHI_PMI_67_10,VHI Healthcare,PMI 67 10,,,,,,,,,,,,,,,,,Stub variant added for coverage; enrich from plan-specific public PDF/page when available.,https://www1.vhi.ie/downloads,2026-02-01,10,0.0
VHI_PUBLICPLUS_CARE,VHI Healthcare,PublicPlus Care,,,,,,,,,,,,,,,,,Stub variant added for coverage; enrich from plan-specific public PDF/page when available.,https://www1.vhi.ie/downloads,2026-02-01,10,0.0
VHI_PUBLICPLUS_CARE_DAY_TO_DAY,VHI Healthcare,PublicPlus Care Day-to-Day,,,,,,,,,,,,,,,,,Stub variant added for coverage; enrich from plan-specific public PDF/page when available.,https://www1.vhi.ie/downloads,2026-02-01,10,0.0
VHI_PREMIUMCARE,VHI Healthcare,PremiumCare,,,,,,,,,,,,,,,,,Stub variant added for coverage; enrich from plan-specific public PDF/page when available.,https://www1.vhi.ie/downloads,2026-02-01,10,0.0
VHI_PREMIUMCARE_SELECT,VHI Healthcare,PremiumCare Select,,,,,,,,,,,,,,,,,Stub variant added for coverage; enrich from plan-specific public PDF/page when available.,https://www1.vhi.ie/downloads,2026-02-01,10,0.0
VHI_ADVANCEDCARE_EXTRA_DAY_TO_DAY,VHI Healthcare,AdvancedCare Extra Day-to-Day,,,,,,,,,,,,,,,,,Stub variant added for coverage; enrich from plan-specific public PDF/page when available.,https://www1.vhi.ie/downloads,2026-02-01,10,0.0
VHI_FIRSTCARE_EXTRA_150_DAY_TO_DAY,VHI Healthcare,FirstCare Extra 150 Day-to-Day,,,,,,,,,,,,,,,,,Stub variant added for coverage; enrich from plan-specific public PDF/page when available.,https://www1.vhi.ie/downloads,2026-02-01,10,0.0
VHI_FIRSTCARE_250_DAY_TO_DAY,VHI Healthcare,FirstCare 250 Day-to-Day,,,,,,,,,,,,,,,,,Stub variant added for coverage; enrich from plan-specific public PDF/page when available.,https://www1.vhi.ie/downloads,2026-02-01,10,0.0
VHI_FIRSTCARE_500_DAY_TO_DAY,VHI Healthcare,FirstCare 500 Day-to-Day,,,,,,,,,,,,,,,,,Stub variant added for coverage; enrich from plan-specific public PDF/page when available.,https://www1.vhi.ie/downloads,2026-02-01,10,0.0
VHI_ENHANCEDCARE_150_DAY_TO_DAY,VHI Healthcare,EnhancedCare 150 Day-to-Day,,,,,,,,,,,,,,,,,Stub variant added for coverage; enrich from plan-specific public PDF/page when available.,https://www1.vhi.ie/downloads,2026-02-01,10,0.0
VHI_ENHANCEDCARE_250_DAY_TO_DAY,VHI Healthcare,EnhancedCare 250 Day-to-Day,,,,,,,,,,,,,,,,,Stub variant added for coverage; enrich from plan-specific public PDF/page when available.,https://www1.vhi.ie/downloads,2026-02-01,10,0.0
VHI_ENHANCEDCARE_150,VHI Healthcare,EnhancedCare 150,,,,,,,,,,,,,,,,,Stub variant added for coverage; enrich from plan-specific public PDF/page when available.,https://www1.vhi.ie/downloads,2026-02-01,10,0.0
VHI_ENHANCEDCARE_250,VHI Healthcare,EnhancedCare 250,,,,,,,,,,,,,,,,,Stub variant added for coverage; enrich from plan-specific public PDF/page when available.,https://www1.vhi.ie/downloads,2026-02-01,10,0.0
VHI_ENHANCEDCARE_COMPLETE_75_DAY_TO_DAY,VHI Healthcare,EnhancedCare Complete 75 Day-to-Day,,,,,,,,,,,,,,,,,Stub variant added for coverage; enrich from plan-specific public PDF/page when available.,https://www1.vhi.ie/downloads,2026-02-01,10,0.0
VHI_ENHANCEDCARE_COMPLETE_150_DAY_TO_DAY,VHI Healthcare,EnhancedCare Complete 150 Day-to-Day,,,,,,,,,,,,,,,,,Stub variant added for coverage; enrich from plan-specific public PDF/page when available.,https://www1.vhi.ie/downloads,2026-02-01,10,0.0
VHI_ENHANCEDCARE_COMPLETE_75,VHI Healthcare,EnhancedCare Complete 75,,,,,,,,,,,,,,,,,Stub variant added for coverage; enrich from plan-specific public PDF/page when available.,https://www1.vhi.ie/downloads,2026-02-01,10,0.0
VHI_ENHANCEDCARE_COMPLETE_150,VHI Healthcare,EnhancedCare Complete 150,,,,,,,,,,,,,,,,,Stub variant added for coverage; enrich from plan-specific public PDF/page when available.,https://www1.vhi.ie/downloads,2026-02-01,10,0.0
VHI_ADVANCEDCARE_250_DAY_TO_DAY,VHI Healthcare,AdvancedCare 250 Day to Day,,,,,,,,,,,,,,,,,Stub variant added for coverage; enrich from plan-specific public PDF/page when available.,https://www1.vhi.ie/downloads,2026-02-01,10,0.0
VHI_ADVANCEDCARE_250,VHI Healthcare,AdvancedCare 250,,,,,,,,,,,,,,,,,Stub variant added for coverage; enrich from plan-specific public PDF/page when available.,https://www1.vhi.ie/downloads,2026-02-01,10,0.0
VHI_ADVANCEDCARE_100_DAY_TO_DAY,VHI Healthcare,AdvancedCare 100 Day-to-Day,,,,,,,,,,,,,,,,,Stub variant added for coverage; enrich from plan-specific public PDF/page when available.,https://www1.vhi.ie/downloads,2026-02-01,10,0.0
VHI_ADVANCEDCARE_50_DAY_TO_DAY,VHI Healthcare,AdvancedCare 50 Day-to-Day,,,,,,,,,,,,,,,,,Stub variant added for coverage; enrich from plan-specific public PDF/page when available.,https://www1.vhi.ie/downloads,2026-02-01,10,0.0
VHI_ADVANCEDCARE_100,VHI Healthcare,AdvancedCare 100,,,,,,,,,,,,,,,,,Stub variant added for coverage; enrich from plan-specific public PDF/page when available.,https://www1.vhi.ie/downloads,2026-02-01,10,0.0
VHI_ADVANCEDCARE_50,VHI Healthcare,AdvancedCare 50,,,,,,,,,,,,,,,,,Stub variant added for coverage; enrich from plan-specific public PDF/page when available.,https://www1.vhi.ie/downloads,2026-02-01,10,0.0
VHI_ENHANCEDCARE_350,VHI Healthcare,EnhancedCare 350,,,,,,,,,,,,,,,,,Stub variant added for coverage; enrich from plan-specific public PDF/page when available.,https://www1.vhi.ie/downloads,2026-02-01,10,0.0
VHI_ENHANCEDCARE_350_DAY_TO_DAY,VHI Healthcare,EnhancedCare 350 Day-to-Day,,,,,,,,,,,,,,,,,Stub variant added for coverage; enrich from plan-specific public PDF/page when available.,https://www1.vhi.ie/downloads,2026-02-01,10,0.0
VHI_ADVANCEDCARE_EXTRA,VHI Healthcare,AdvancedCare Extra,,,,,,,,,,,,,,,,,Stub variant added for coverage; enrich from plan-specific public PDF/page when available.,https://www1.vhi.ie/downloads,2026-02-01,10,0.0
VHI_ADVANCEDCARE,VHI Healthcare,AdvancedCare,,,,,,,,,,,,,,,,,Stub variant added for coverage; enrich from plan-specific public PDF/page when available.,https://www1.vhi.ie/downloads,2026-02-01,10,0.0
VHI_ADVANCEDCARE_DAY_TO_DAY,VHI Healthcare,AdvancedCare Day to Day,,,,,,,,,,,,,,,,,Stub variant added for coverage; enrich from plan-specific public PDF/page when available.,https://www1.vhi.ie/downloads,2026-02-01,10,0.0
VHI_ADVANCEDCARE_EXTRA_DAY_TO_DAY_SELECT,VHI Healthcare,AdvancedCare Extra Day to Day Select,,,,,,,,,,,,,,,,,Stub variant added for coverage; enrich from plan-specific public PDF/page when available.,https://www1.vhi.ie/downloads,2026-02-01,10,0.0
VHI_PROVIDENTCARE,VHI Healthcare,ProvidentCare,,,,,,,,,,,,,,,,,Stub variant added for coverage; enrich from plan-specific public PDF/page when available.,https://www1.vhi.ie/downloads,2026-02-01,10,0.0
VHI_PROVIDENTCARE_PLUS,VHI Healthcare,ProvidentCare Plus,,,,,,,,,,,,,,,,,Stub variant added for coverage; enrich from plan-specific public PDF/page when available.,https://www1.vhi.ie/downloads,2026-02-01,10,0.0
VHI_PMI_68_10,VHI Healthcare,PMI 68 10,,,,,,,,,,,,,,,,,Stub variant added for coverage; enrich from plan-specific public PDF/page when available.,https://www1.vhi.ie/downloads,2026-02-01,10,0.0
VHI_PMI_70_10,VHI Healthcare,PMI 70 10,,,,,,,,,,,,,,,,,Stub variant added for coverage; enrich from plan-specific public PDF/page when available.,https://www1.vhi.ie/downloads,2026-02-01,10,0.0
VHI_PUBLICPLUS_CARE_EXTRA_DAY_TO_DAY,VHI Healthcare,PublicPlus Care Extra Day to Day,,,,,,,,,,,,,,,,,Stub variant added for coverage; enrich from plan-specific public PDF/page when available.,https://www1.vhi.ie/downloads,2026-02-01,10,0.0
VHI_HEALTHSTEPS_GOLD,VHI Healthcare,HealthSteps Gold,,,,,,,,,,,,,,,,,Stub variant added for coverage; enrich from plan-specific public PDF/page when available.,https://www1.vhi.ie/downloads,2026-02-01,10,0.0
VHI_HEALTHSTEPS_SILVER,VHI Healthcare,HealthSteps Silver,,,,,,,,,,,,,,,,,Stub variant added for coverage; enrich from plan-specific public PDF/page when available.,https://www1.vhi.ie/downloads,2026-02-01,10,0.0
VHI_VHI_INTERNATIONAL_LEVEL_1,VHI Healthcare,Vhi International Level 1,,,,,,,,,,,,,,,,,Stub variant added for coverage; enrich from plan-specific public PDF/page when available.,https://www1.vhi.ie/downloads,2026-02-01,10,0.0
VHI_VHI_INTERNATIONAL_LEVEL_2,VHI Healthcare,Vhi International Level 2,,,,,,,,,,,,,,,,,Stub variant added for coverage; enrich from plan-specific public PDF/page when available.,https://www1.vhi.ie/downloads,2026-02-01,10,0.0
VHI_VHI_DENTAL_PLAN,VHI Healthcare,Vhi Dental Plan,,,,,,,,,,,,,,,,,Stub variant added for coverage; enrich from plan-specific public PDF/page when available.,https://www1.vhi.ie/downloads,2026-02-01,10,0.0
VHI_VHI_DENTAL_PLAN_PLUS,VHI Healthcare,Vhi Dental Plan Plus,,,,,,,,,,,,,,,,,Stub variant added for coverage; enrich from plan-specific public PDF/page when available.,https://www1.vhi.ie/downloads,2026-02-01,10,0.0
ILH_HEALTHGUIDE_1_TOC,Irish Life Health,HealthGuide 1,,,,,,,,,,,,,,,,,Stub variant added for coverage; enrich from plan-specific public PDF/page when available.,https://www.irishlifehealth.ie/mediafiles/pdfs/tables-of-cover/HealthGuide-1-TOC.pdf,2026-02-01,10,0.0
ILH_SELECT_PLUS_TOC,Irish Life Health,Select Plus,,,,,,,,,,,,,,,,,Stub variant added for coverage; enrich from plan-specific public PDF/page when available.,https://www.irishlifehealth.ie/mediafiles/pdfs/tables-of-cover/Select-Plus-TOC.pdf,2026-02-01,10,0.0
LEVEL_DOWNLOADS,Level Health,Downloads index (tables of cover),,,,,,,,,,,,,,,,,Stub variant added for coverage; enrich from plan-specific public PDF/page when available.,https://www.levelhealth.ie/downloads,2026-02-01,10,0.0
LAYA_INSPIRE_ACCESS,Laya Healthcare,Inspire Access,,,,,,,,,,,,,,,,,New Advanced Plan introduced effective 1 Jan 2026 per HIA notice. Enrich from Laya scheme page/PDF.,https://www.hia.ie/news/laya-healthcare-changes-effective-1-january-2026,2026-02-28,10,0.0
LEVEL_PLAN_A,Level Health,Plan A,,,,,,,,,,,,,,,,,Plan referenced in HIA update effective 2 Feb 2026. Enrich from Level Health plan docs.,https://www.hia.ie/news/level-health-price-and-benefit-changes-effective-2-february-2026,2026-02-28,10,0.0
LEVEL_PLAN_B_150,Level Health,Plan B 150,,,,,,,,,,,,,,,,,Plan referenced in HIA update effective 2 Feb 2026. Enrich from Level Health plan docs.,https://www.hia.ie/news/level-health-price-and-benefit-changes-effective-2-february-2026,2026-02-28,10,0.0
LEVEL_PLAN_B_150_DAY_TO_DAY,Level Health,Plan B 150 Day to Day,,,,,,,,,,,,,,,,,Plan referenced in HIA update effective 2 Feb 2026. Enrich from Level Health plan docs.,https://www.hia.ie/news/level-health-price-and-benefit-changes-effective-2-february-2026,2026-02-28,10,0.0
LEVEL_PLAN_B_300,Level Health,Plan B 300,,,,,,,,,,,,,,,,,Plan referenced in HIA update effective 2 Feb 2026. Enrich from Level Health plan docs.,https://www.hia.ie/news/level-health-price-and-benefit-changes-effective-2-february-2026,2026-02-28,10,0.0
LEVEL_PLAN_B_300_DAY_TO_DAY,Level Health,Plan B 300 Day to Day,,,,,,,,,,,,,,,,,Plan referenced in HIA update effective 2 Feb 2026. Enrich from Level Health plan docs.,https://www.hia.ie/news/level-health-price-and-benefit-changes-effective-2-february-2026,2026-02-28,10,0.0
LEVEL_PLAN_B_500,Level Health,Plan B 500,,,,,,,,,,,,,,,,,Plan referenced in HIA update effective 2 Feb 2026. Enrich from Level Health plan docs.,https://www.hia.ie/news/level-health-price-and-benefit-changes-effective-2-february-2026,2026-02-28,10,0.0
LEVEL_PLAN_B_500_DAY_TO_DAY,Level Health,Plan B 500 Day to Day,,,,,,,,,,,,,,,,,Plan referenced in HIA update effective 2 Feb 2026. Enrich from Level Health plan docs.,https://www.hia.ie/news/level-health-price-and-benefit-changes-effective-2-february-2026,2026-02-28,10,0.0
LEVEL_PLAN_C,Level Health,Plan C,,,,,,,,,,,,,,,,,Plan referenced in HIA update effective 2 Feb 2026. Enrich from Level Health plan docs.,https://www.hia.ie/news/level-health-price-and-benefit-changes-effective-2-february-2026,2026-02-28,10,0.0
LEVEL_PLAN_C_DAY_TO_DAY,Level Health,Plan C Day to Day,,,,,,,,,,,,,,,,,Plan referenced in HIA update effective 2 Feb 2026. Enrich from Level Health plan docs.,https://www.hia.ie/news/level-health-price-and-benefit-changes-effective-2-february-2026,2026-02-28,10,0.0
LEVEL_PLAN_D,Level Health,Plan D,,,,,,,,,,,,,,,,,Plan referenced in HIA update effective 2 Feb 2026. Enrich from Level Health plan docs.,https://www.hia.ie/news/level-health-price-and-benefit-changes-effective-2-february-2026,2026-02-28,10,0.0
